uuid,promoCode,campaignCode,starts,expires,name,description
"0718e22e-a25b-45d2-bb87-ec6ff93cddfc","3TIER_WEEKLY_UK_MONTHLY_V2","C_LXLY0U85","2024-06-18T23:00:00.000Z","","Three Tier Weekly UK Monthly V2","Three Tier Weekly UK Monthly"
"27100b0e-0515-4220-9cad-79cf37aa69fd","GWCHRISTMASBYTE","C_L8D2HTWD","2022-11-04T00:00:00.000Z","","GW Christmas 2022 [COPY]","50% off annual gifting subscription"
"5f822080-292e-468f-98ec-55d444e52b6b","3TIER_WEEKLY_CA_MONTHLY","C_LS3GS2M7","2024-02-01T00:00:00.000Z","","Three Tier Weekly CA Monthly","Three Tier Weekly CA Monthly"
"a6197afc-e1b3-49d5-b70b-dae8930e46d0","3TIER_WEEKLY_NZ_ANNUAL_V2","C_LXLY0U85","2024-06-18T23:00:00.000Z","","Three Tier Weekly NZ Annual V2","Three Tier Weekly NZ Annual"
"7bb64ac6-014f-43b3-84be-efc4d116b0ab","3TIER_SUPPORTERPLUS_US_ANNUAL","C_LS1WU4LW","2024-02-01T00:00:00.000Z","","Supporter Plus US Annual","Supporter Plus US Annual"
"c0f85aff-5e63-4358-bff4-95e780c3c9f9","10OFFAUSBALLET","C_LZHPSWPA","2025-06-29T23:00:00.000Z","2026-07-01T22:59:59.000Z","AUSTRALIAN BALLET 10% OFF","An offer for use with our partner, the Australian Ballet"
"d43a05cc-dc53-4872-a9f6-e02694a92747","DDPFMINT80","C_JOPW533W","2019-01-21T00:00:00.000Z","","Save 25% off for a year - MONTHLY INT","Save 25% off for a year"
"9248bb84-57c6-4268-ac5e-6b0e11024d13","GW-MIDTERM22","C_L8D2HTWD","2022-10-11T23:00:00.000Z","","GW US Mid-Terms 2022","50% off for 3 months / 20% off annual"
"b2e3b453-612d-4bd6-9181-b546aa6b6829","WHSBOOKCLUB_SAT","C_MG55YDEY","2025-09-28T23:00:00.000Z","2025-12-31T23:59:59.000Z","WHS Smith Book Club Travel Offer - Saturday","WHS Smith Book Club Travel Offer"
"0a99a901-d7de-4ea0-b6c0-f9d966ca5e21","3TIER_SUPPORTERPLUS_AU_ANNUAL","C_LS1WU4LW","2024-02-01T00:00:00.000Z","","Supporter Plus AU Annual","Supporter Plus AU Annual"
"09fa5de7-2dcf-4c3b-90c6-17423c1461cc","NJDOMIVJY","C_JDOMHOCI","2018-03-14T00:00:00.000Z","","MC WEEKEND TEST","Test page do not use"
"f57d9020-cf7b-41e6-a8ab-32f70f501ed0","10QUARTER","C_K2AB98AO","2022-08-18T23:00:00.000Z","","GW Quarterly Test - Quarterly","Subscribe now for 10% off 3 months"
"a2ec3526-18f1-42d4-a51e-b2690b0eeb9a","3TIER_WEEKLY_EU_MONTHLY_V2","C_LXLY0U85","2024-06-18T23:00:00.000Z","","Three Tier Weekly EU Monthly V2","Three Tier Weekly EU Monthly"
"947246a8-5b82-42cc-99c8-a8e61a64633c","CEXW10","C_J2BWYH13","2017-05-04T23:00:00.000Z","","Customer experience 10% discount","10% discount for 12 months"
"b5836892-9a34-45e4-8820-ddbd26126e57","OBSERVER","C_MD6539P4","2025-11-26T00:00:00.000Z","2026-02-01T23:59:59.000Z","Observer Home Delivery Launch Discount","Observer Home Delivery Launch Discount"
"e9ba2aa5-762a-462e-baf4-fa14a5dd747f","3TIER_SUPPORTERPLUS_EU_MONTHLY","C_LS1WU4LW","2024-02-01T00:00:00.000Z","","Supporter Plus EU Monthly","Supporter Plus EU Monthly"
"5c5ddb37-ca31-400d-ac97-6da1ed31d63d","A112E","C_IVXW4380","2016-12-20T00:00:00.000Z","","20% off retail; continuous, one-off 1 yr, 2, 3 yr (10% off standard for ROW£)","Last chance to renew your Guardian Weekly subscription"
"5c5ddb37-ca31-400d-ac97-6da1ed31d63d","A113L","C_IVXW4380","2016-12-20T00:00:00.000Z","","20% off retail; continuous, one-off 1 yr, 2, 3 yr (10% off standard for ROW£)","Last chance to renew your Guardian Weekly subscription"
"5c5ddb37-ca31-400d-ac97-6da1ed31d63d","A213L","C_IVXW4380","2016-12-20T00:00:00.000Z","","20% off retail; continuous, one-off 1 yr, 2, 3 yr (10% off standard for ROW£)","Last chance to renew your Guardian Weekly subscription"
"5c5ddb37-ca31-400d-ac97-6da1ed31d63d","A512E","C_IVXW4380","2016-12-20T00:00:00.000Z","","20% off retail; continuous, one-off 1 yr, 2, 3 yr (10% off standard for ROW£)","Last chance to renew your Guardian Weekly subscription"
"5c5ddb37-ca31-400d-ac97-6da1ed31d63d","A513L","C_IVXW4380","2016-12-20T00:00:00.000Z","","20% off retail; continuous, one-off 1 yr, 2, 3 yr (10% off standard for ROW£)","Last chance to renew your Guardian Weekly subscription"
"5c5ddb37-ca31-400d-ac97-6da1ed31d63d","A312E","C_IVXW4380","2016-12-20T00:00:00.000Z","","20% off retail; continuous, one-off 1 yr, 2, 3 yr (10% off standard for ROW£)","Last chance to renew your Guardian Weekly subscription"
"5c5ddb37-ca31-400d-ac97-6da1ed31d63d","A313L","C_IVXW4380","2016-12-20T00:00:00.000Z","","20% off retail; continuous, one-off 1 yr, 2, 3 yr (10% off standard for ROW£)","Last chance to renew your Guardian Weekly subscription"
"5c5ddb37-ca31-400d-ac97-6da1ed31d63d","A613L","C_IVXW4380","2016-12-20T00:00:00.000Z","","20% off retail; continuous, one-off 1 yr, 2, 3 yr (10% off standard for ROW£)","Last chance to renew your Guardian Weekly subscription"
"5c5ddb37-ca31-400d-ac97-6da1ed31d63d","A413L","C_IVXW4380","2016-12-20T00:00:00.000Z","","20% off retail; continuous, one-off 1 yr, 2, 3 yr (10% off standard for ROW£)","Last chance to renew your Guardian Weekly subscription"
"b8992d84-dbd3-406c-b3c4-0209b74a66e9","WAN82G","C_IZY6K6ZY","2017-04-06T23:00:00.000Z","","Urgent code to cover renewal 30% off","30% off standard Guardian Weekly renewal rate"
"a52c4408-8d90-4d6b-b63b-6322ce100a7d","PUZZLESSIXDAY","C_L6KVUF94","2025-06-11T23:00:00.000Z","","Newspaper Puzzles Supplement Discount Sixday","Puzzles Supplement Discount"
"ceb85555-5820-4950-9248-31ec94bde216","WHSBOOKCLUB_SATHD","C_MG55YDEY","2025-09-28T23:00:00.000Z","2025-12-31T23:59:59.000Z","WHS Smith Book Club Travel Offer - Saturday HD","WHS Smith Book Club Travel Offer"
"75735baa-2a31-4972-8353-be40f4292ea0","DJTZUYBFL","C_JTZUSYAM","2019-04-01T23:00:00.000Z","","Digital Pack 10% off for a year","10% off for a year"
"d28134ff-219d-4dc8-8d18-95a2024409e0","EUROSTAR","C_L2ITHSNV","2022-05-12T23:00:00.000Z","","Save 20% for 3 months","Save 20% for 3 months"
"a9280d62-12a3-4d91-b630-7b41a8f94383","PRINT_CULTURE_SIXDAY","C_L6KVUF94","2025-02-13T00:00:00.000Z","2025-12-24T23:59:59.000Z","Culture Event - Sixday","Guardian and Observer newspaper subscriptions to suit every reader"
"dde64cfd-06ee-4bc0-b2e9-d0e1b33edba3","WAITROSE_SATSUNHD","C_M20BBSME","2024-10-07T23:00:00.000Z","","50% discount for 3 months for MyWaitrose customers","A special offer for customers who have a MyWaitrose card!"
"f1050321-ea2d-4b1a-b340-5b8cb24b5d67","3TIER_SUPPORTERPLUS_CA_MONTHLY_V2","C_LXM0ILZR","2024-06-18T23:00:00.000Z","","Three Tier Supporter Plus CA Monthly V2","Three Tier Supporter Plus CA Monthly"
"77302497-61b2-42fe-8af8-e02a842515b4","GRR228","C_JPJJVQIQ","2018-12-11T00:00:00.000Z","","Newsagent Retail offer - 30% for 1 year","Save an extra 30% for a year on newspaper subscriptions"
"77302497-61b2-42fe-8af8-e02a842515b4","GRR246","C_JPJJVQIQ","2018-12-11T00:00:00.000Z","","Newsagent Retail offer - 30% for 1 year","Save an extra 30% for a year on newspaper subscriptions"
"77302497-61b2-42fe-8af8-e02a842515b4","GRR343","C_JPJJVQIQ","2018-12-11T00:00:00.000Z","","Newsagent Retail offer - 30% for 1 year","Save an extra 30% for a year on newspaper subscriptions"
"77302497-61b2-42fe-8af8-e02a842515b4","GRR236","C_JPJJVQIQ","2018-12-11T00:00:00.000Z","","Newsagent Retail offer - 30% for 1 year","Save an extra 30% for a year on newspaper subscriptions"
"77302497-61b2-42fe-8af8-e02a842515b4","GRR284","C_JPJJVQIQ","2018-12-11T00:00:00.000Z","","Newsagent Retail offer - 30% for 1 year","Save an extra 30% for a year on newspaper subscriptions"
"77302497-61b2-42fe-8af8-e02a842515b4","GRR227","C_JPJJVQIQ","2018-12-11T00:00:00.000Z","","Newsagent Retail offer - 30% for 1 year","Save an extra 30% for a year on newspaper subscriptions"
"77302497-61b2-42fe-8af8-e02a842515b4","GRR369","C_JPJJVQIQ","2018-12-11T00:00:00.000Z","","Newsagent Retail offer - 30% for 1 year","Save an extra 30% for a year on newspaper subscriptions"
"77302497-61b2-42fe-8af8-e02a842515b4","GRR328","C_JPJJVQIQ","2018-12-11T00:00:00.000Z","","Newsagent Retail offer - 30% for 1 year","Save an extra 30% for a year on newspaper subscriptions"
"77302497-61b2-42fe-8af8-e02a842515b4","GRR364","C_JPJJVQIQ","2018-12-11T00:00:00.000Z","","Newsagent Retail offer - 30% for 1 year","Save an extra 30% for a year on newspaper subscriptions"
"77302497-61b2-42fe-8af8-e02a842515b4","GRR349","C_JPJJVQIQ","2018-12-11T00:00:00.000Z","","Newsagent Retail offer - 30% for 1 year","Save an extra 30% for a year on newspaper subscriptions"
"77302497-61b2-42fe-8af8-e02a842515b4","GRR324","C_JPJJVQIQ","2018-12-11T00:00:00.000Z","","Newsagent Retail offer - 30% for 1 year","Save an extra 30% for a year on newspaper subscriptions"
"77302497-61b2-42fe-8af8-e02a842515b4","GRR334","C_JPJJVQIQ","2018-12-11T00:00:00.000Z","","Newsagent Retail offer - 30% for 1 year","Save an extra 30% for a year on newspaper subscriptions"
"77302497-61b2-42fe-8af8-e02a842515b4","GRR372","C_JPJJVQIQ","2018-12-11T00:00:00.000Z","","Newsagent Retail offer - 30% for 1 year","Save an extra 30% for a year on newspaper subscriptions"
"77302497-61b2-42fe-8af8-e02a842515b4","GRR344","C_JPJJVQIQ","2018-12-11T00:00:00.000Z","","Newsagent Retail offer - 30% for 1 year","Save an extra 30% for a year on newspaper subscriptions"
"77302497-61b2-42fe-8af8-e02a842515b4","GRR332","C_JPJJVQIQ","2018-12-11T00:00:00.000Z","","Newsagent Retail offer - 30% for 1 year","Save an extra 30% for a year on newspaper subscriptions"
"77302497-61b2-42fe-8af8-e02a842515b4","GRR376","C_JPJJVQIQ","2018-12-11T00:00:00.000Z","","Newsagent Retail offer - 30% for 1 year","Save an extra 30% for a year on newspaper subscriptions"
"77302497-61b2-42fe-8af8-e02a842515b4","GRR338","C_JPJJVQIQ","2018-12-11T00:00:00.000Z","","Newsagent Retail offer - 30% for 1 year","Save an extra 30% for a year on newspaper subscriptions"
"77302497-61b2-42fe-8af8-e02a842515b4","GRR333","C_JPJJVQIQ","2018-12-11T00:00:00.000Z","","Newsagent Retail offer - 30% for 1 year","Save an extra 30% for a year on newspaper subscriptions"
"77302497-61b2-42fe-8af8-e02a842515b4","GRR327","C_JPJJVQIQ","2018-12-11T00:00:00.000Z","","Newsagent Retail offer - 30% for 1 year","Save an extra 30% for a year on newspaper subscriptions"
"77302497-61b2-42fe-8af8-e02a842515b4","GRR279","C_JPJJVQIQ","2018-12-11T00:00:00.000Z","","Newsagent Retail offer - 30% for 1 year","Save an extra 30% for a year on newspaper subscriptions"
"77302497-61b2-42fe-8af8-e02a842515b4","GRR274","C_JPJJVQIQ","2018-12-11T00:00:00.000Z","","Newsagent Retail offer - 30% for 1 year","Save an extra 30% for a year on newspaper subscriptions"
"77302497-61b2-42fe-8af8-e02a842515b4","GRR232","C_JPJJVQIQ","2018-12-11T00:00:00.000Z","","Newsagent Retail offer - 30% for 1 year","Save an extra 30% for a year on newspaper subscriptions"
"77302497-61b2-42fe-8af8-e02a842515b4","GRR294","C_JPJJVQIQ","2018-12-11T00:00:00.000Z","","Newsagent Retail offer - 30% for 1 year","Save an extra 30% for a year on newspaper subscriptions"
"77302497-61b2-42fe-8af8-e02a842515b4","GRR322","C_JPJJVQIQ","2018-12-11T00:00:00.000Z","","Newsagent Retail offer - 30% for 1 year","Save an extra 30% for a year on newspaper subscriptions"
"77302497-61b2-42fe-8af8-e02a842515b4","GRR329","C_JPJJVQIQ","2018-12-11T00:00:00.000Z","","Newsagent Retail offer - 30% for 1 year","Save an extra 30% for a year on newspaper subscriptions"
"77302497-61b2-42fe-8af8-e02a842515b4","GRR276","C_JPJJVQIQ","2018-12-11T00:00:00.000Z","","Newsagent Retail offer - 30% for 1 year","Save an extra 30% for a year on newspaper subscriptions"
"77302497-61b2-42fe-8af8-e02a842515b4","GRR337","C_JPJJVQIQ","2018-12-11T00:00:00.000Z","","Newsagent Retail offer - 30% for 1 year","Save an extra 30% for a year on newspaper subscriptions"
"77302497-61b2-42fe-8af8-e02a842515b4","GRR296","C_JPJJVQIQ","2018-12-11T00:00:00.000Z","","Newsagent Retail offer - 30% for 1 year","Save an extra 30% for a year on newspaper subscriptions"
"77302497-61b2-42fe-8af8-e02a842515b4","GRR326","C_JPJJVQIQ","2018-12-11T00:00:00.000Z","","Newsagent Retail offer - 30% for 1 year","Save an extra 30% for a year on newspaper subscriptions"
"77302497-61b2-42fe-8af8-e02a842515b4","GRR239","C_JPJJVQIQ","2018-12-11T00:00:00.000Z","","Newsagent Retail offer - 30% for 1 year","Save an extra 30% for a year on newspaper subscriptions"
"77302497-61b2-42fe-8af8-e02a842515b4","GRR229","C_JPJJVQIQ","2018-12-11T00:00:00.000Z","","Newsagent Retail offer - 30% for 1 year","Save an extra 30% for a year on newspaper subscriptions"
"77302497-61b2-42fe-8af8-e02a842515b4","GRR249","C_JPJJVQIQ","2018-12-11T00:00:00.000Z","","Newsagent Retail offer - 30% for 1 year","Save an extra 30% for a year on newspaper subscriptions"
"77302497-61b2-42fe-8af8-e02a842515b4","GRR348","C_JPJJVQIQ","2018-12-11T00:00:00.000Z","","Newsagent Retail offer - 30% for 1 year","Save an extra 30% for a year on newspaper subscriptions"
"77302497-61b2-42fe-8af8-e02a842515b4","GRR374","C_JPJJVQIQ","2018-12-11T00:00:00.000Z","","Newsagent Retail offer - 30% for 1 year","Save an extra 30% for a year on newspaper subscriptions"
"77302497-61b2-42fe-8af8-e02a842515b4","GRR287","C_JPJJVQIQ","2018-12-11T00:00:00.000Z","","Newsagent Retail offer - 30% for 1 year","Save an extra 30% for a year on newspaper subscriptions"
"77302497-61b2-42fe-8af8-e02a842515b4","GRR387","C_JPJJVQIQ","2018-12-11T00:00:00.000Z","","Newsagent Retail offer - 30% for 1 year","Save an extra 30% for a year on newspaper subscriptions"
"77302497-61b2-42fe-8af8-e02a842515b4","GRR288","C_JPJJVQIQ","2018-12-11T00:00:00.000Z","","Newsagent Retail offer - 30% for 1 year","Save an extra 30% for a year on newspaper subscriptions"
"77302497-61b2-42fe-8af8-e02a842515b4","GRR368","C_JPJJVQIQ","2018-12-11T00:00:00.000Z","","Newsagent Retail offer - 30% for 1 year","Save an extra 30% for a year on newspaper subscriptions"
"77302497-61b2-42fe-8af8-e02a842515b4","GRR277","C_JPJJVQIQ","2018-12-11T00:00:00.000Z","","Newsagent Retail offer - 30% for 1 year","Save an extra 30% for a year on newspaper subscriptions"
"77302497-61b2-42fe-8af8-e02a842515b4","GRR362","C_JPJJVQIQ","2018-12-11T00:00:00.000Z","","Newsagent Retail offer - 30% for 1 year","Save an extra 30% for a year on newspaper subscriptions"
"77302497-61b2-42fe-8af8-e02a842515b4","GRR297","C_JPJJVQIQ","2018-12-11T00:00:00.000Z","","Newsagent Retail offer - 30% for 1 year","Save an extra 30% for a year on newspaper subscriptions"
"77302497-61b2-42fe-8af8-e02a842515b4","GRR363","C_JPJJVQIQ","2018-12-11T00:00:00.000Z","","Newsagent Retail offer - 30% for 1 year","Save an extra 30% for a year on newspaper subscriptions"
"77302497-61b2-42fe-8af8-e02a842515b4","GRR263","C_JPJJVQIQ","2018-12-11T00:00:00.000Z","","Newsagent Retail offer - 30% for 1 year","Save an extra 30% for a year on newspaper subscriptions"
"77302497-61b2-42fe-8af8-e02a842515b4","GRR392","C_JPJJVQIQ","2018-12-11T00:00:00.000Z","","Newsagent Retail offer - 30% for 1 year","Save an extra 30% for a year on newspaper subscriptions"
"77302497-61b2-42fe-8af8-e02a842515b4","GRR224","C_JPJJVQIQ","2018-12-11T00:00:00.000Z","","Newsagent Retail offer - 30% for 1 year","Save an extra 30% for a year on newspaper subscriptions"
"77302497-61b2-42fe-8af8-e02a842515b4","GRR347","C_JPJJVQIQ","2018-12-11T00:00:00.000Z","","Newsagent Retail offer - 30% for 1 year","Save an extra 30% for a year on newspaper subscriptions"
"77302497-61b2-42fe-8af8-e02a842515b4","GRR388","C_JPJJVQIQ","2018-12-11T00:00:00.000Z","","Newsagent Retail offer - 30% for 1 year","Save an extra 30% for a year on newspaper subscriptions"
"77302497-61b2-42fe-8af8-e02a842515b4","GRR339","C_JPJJVQIQ","2018-12-11T00:00:00.000Z","","Newsagent Retail offer - 30% for 1 year","Save an extra 30% for a year on newspaper subscriptions"
"77302497-61b2-42fe-8af8-e02a842515b4","GRR268","C_JPJJVQIQ","2018-12-11T00:00:00.000Z","","Newsagent Retail offer - 30% for 1 year","Save an extra 30% for a year on newspaper subscriptions"
"77302497-61b2-42fe-8af8-e02a842515b4","GRR422","C_JPJJVQIQ","2018-12-11T00:00:00.000Z","","Newsagent Retail offer - 30% for 1 year","Save an extra 30% for a year on newspaper subscriptions"
"77302497-61b2-42fe-8af8-e02a842515b4","GRR373","C_JPJJVQIQ","2018-12-11T00:00:00.000Z","","Newsagent Retail offer - 30% for 1 year","Save an extra 30% for a year on newspaper subscriptions"
"77302497-61b2-42fe-8af8-e02a842515b4","GRR428","C_JPJJVQIQ","2018-12-11T00:00:00.000Z","","Newsagent Retail offer - 30% for 1 year","Save an extra 30% for a year on newspaper subscriptions"
"77302497-61b2-42fe-8af8-e02a842515b4","GRR397","C_JPJJVQIQ","2018-12-11T00:00:00.000Z","","Newsagent Retail offer - 30% for 1 year","Save an extra 30% for a year on newspaper subscriptions"
"77302497-61b2-42fe-8af8-e02a842515b4","GRR429","C_JPJJVQIQ","2018-12-11T00:00:00.000Z","","Newsagent Retail offer - 30% for 1 year","Save an extra 30% for a year on newspaper subscriptions"
"77302497-61b2-42fe-8af8-e02a842515b4","GRR298","C_JPJJVQIQ","2018-12-11T00:00:00.000Z","","Newsagent Retail offer - 30% for 1 year","Save an extra 30% for a year on newspaper subscriptions"
"77302497-61b2-42fe-8af8-e02a842515b4","GRR233","C_JPJJVQIQ","2018-12-11T00:00:00.000Z","","Newsagent Retail offer - 30% for 1 year","Save an extra 30% for a year on newspaper subscriptions"
"77302497-61b2-42fe-8af8-e02a842515b4","GRR243","C_JPJJVQIQ","2018-12-11T00:00:00.000Z","","Newsagent Retail offer - 30% for 1 year","Save an extra 30% for a year on newspaper subscriptions"
"77302497-61b2-42fe-8af8-e02a842515b4","GRR299","C_JPJJVQIQ","2018-12-11T00:00:00.000Z","","Newsagent Retail offer - 30% for 1 year","Save an extra 30% for a year on newspaper subscriptions"
"77302497-61b2-42fe-8af8-e02a842515b4","GRR384","C_JPJJVQIQ","2018-12-11T00:00:00.000Z","","Newsagent Retail offer - 30% for 1 year","Save an extra 30% for a year on newspaper subscriptions"
"77302497-61b2-42fe-8af8-e02a842515b4","GRR266","C_JPJJVQIQ","2018-12-11T00:00:00.000Z","","Newsagent Retail offer - 30% for 1 year","Save an extra 30% for a year on newspaper subscriptions"
"77302497-61b2-42fe-8af8-e02a842515b4","GRR283","C_JPJJVQIQ","2018-12-11T00:00:00.000Z","","Newsagent Retail offer - 30% for 1 year","Save an extra 30% for a year on newspaper subscriptions"
"77302497-61b2-42fe-8af8-e02a842515b4","GRR242","C_JPJJVQIQ","2018-12-11T00:00:00.000Z","","Newsagent Retail offer - 30% for 1 year","Save an extra 30% for a year on newspaper subscriptions"
"77302497-61b2-42fe-8af8-e02a842515b4","GRR247","C_JPJJVQIQ","2018-12-11T00:00:00.000Z","","Newsagent Retail offer - 30% for 1 year","Save an extra 30% for a year on newspaper subscriptions"
"77302497-61b2-42fe-8af8-e02a842515b4","GRR226","C_JPJJVQIQ","2018-12-11T00:00:00.000Z","","Newsagent Retail offer - 30% for 1 year","Save an extra 30% for a year on newspaper subscriptions"
"77302497-61b2-42fe-8af8-e02a842515b4","GRR286","C_JPJJVQIQ","2018-12-11T00:00:00.000Z","","Newsagent Retail offer - 30% for 1 year","Save an extra 30% for a year on newspaper subscriptions"
"77302497-61b2-42fe-8af8-e02a842515b4","GRR383","C_JPJJVQIQ","2018-12-11T00:00:00.000Z","","Newsagent Retail offer - 30% for 1 year","Save an extra 30% for a year on newspaper subscriptions"
"77302497-61b2-42fe-8af8-e02a842515b4","GRR398","C_JPJJVQIQ","2018-12-11T00:00:00.000Z","","Newsagent Retail offer - 30% for 1 year","Save an extra 30% for a year on newspaper subscriptions"
"77302497-61b2-42fe-8af8-e02a842515b4","GRR396","C_JPJJVQIQ","2018-12-11T00:00:00.000Z","","Newsagent Retail offer - 30% for 1 year","Save an extra 30% for a year on newspaper subscriptions"
"77302497-61b2-42fe-8af8-e02a842515b4","GRR272","C_JPJJVQIQ","2018-12-11T00:00:00.000Z","","Newsagent Retail offer - 30% for 1 year","Save an extra 30% for a year on newspaper subscriptions"
"77302497-61b2-42fe-8af8-e02a842515b4","GRR382","C_JPJJVQIQ","2018-12-11T00:00:00.000Z","","Newsagent Retail offer - 30% for 1 year","Save an extra 30% for a year on newspaper subscriptions"
"77302497-61b2-42fe-8af8-e02a842515b4","GRR426","C_JPJJVQIQ","2018-12-11T00:00:00.000Z","","Newsagent Retail offer - 30% for 1 year","Save an extra 30% for a year on newspaper subscriptions"
"77302497-61b2-42fe-8af8-e02a842515b4","GRR379","C_JPJJVQIQ","2018-12-11T00:00:00.000Z","","Newsagent Retail offer - 30% for 1 year","Save an extra 30% for a year on newspaper subscriptions"
"77302497-61b2-42fe-8af8-e02a842515b4","GRR423","C_JPJJVQIQ","2018-12-11T00:00:00.000Z","","Newsagent Retail offer - 30% for 1 year","Save an extra 30% for a year on newspaper subscriptions"
"77302497-61b2-42fe-8af8-e02a842515b4","GRR262","C_JPJJVQIQ","2018-12-11T00:00:00.000Z","","Newsagent Retail offer - 30% for 1 year","Save an extra 30% for a year on newspaper subscriptions"
"77302497-61b2-42fe-8af8-e02a842515b4","GRR244","C_JPJJVQIQ","2018-12-11T00:00:00.000Z","","Newsagent Retail offer - 30% for 1 year","Save an extra 30% for a year on newspaper subscriptions"
"77302497-61b2-42fe-8af8-e02a842515b4","GRR278","C_JPJJVQIQ","2018-12-11T00:00:00.000Z","","Newsagent Retail offer - 30% for 1 year","Save an extra 30% for a year on newspaper subscriptions"
"77302497-61b2-42fe-8af8-e02a842515b4","GRR289","C_JPJJVQIQ","2018-12-11T00:00:00.000Z","","Newsagent Retail offer - 30% for 1 year","Save an extra 30% for a year on newspaper subscriptions"
"77302497-61b2-42fe-8af8-e02a842515b4","GRR427","C_JPJJVQIQ","2018-12-11T00:00:00.000Z","","Newsagent Retail offer - 30% for 1 year","Save an extra 30% for a year on newspaper subscriptions"
"77302497-61b2-42fe-8af8-e02a842515b4","GRR222","C_JPJJVQIQ","2018-12-11T00:00:00.000Z","","Newsagent Retail offer - 30% for 1 year","Save an extra 30% for a year on newspaper subscriptions"
"77302497-61b2-42fe-8af8-e02a842515b4","GRR234","C_JPJJVQIQ","2018-12-11T00:00:00.000Z","","Newsagent Retail offer - 30% for 1 year","Save an extra 30% for a year on newspaper subscriptions"
"77302497-61b2-42fe-8af8-e02a842515b4","GRR269","C_JPJJVQIQ","2018-12-11T00:00:00.000Z","","Newsagent Retail offer - 30% for 1 year","Save an extra 30% for a year on newspaper subscriptions"
"77302497-61b2-42fe-8af8-e02a842515b4","GRR346","C_JPJJVQIQ","2018-12-11T00:00:00.000Z","","Newsagent Retail offer - 30% for 1 year","Save an extra 30% for a year on newspaper subscriptions"
"77302497-61b2-42fe-8af8-e02a842515b4","GRR367","C_JPJJVQIQ","2018-12-11T00:00:00.000Z","","Newsagent Retail offer - 30% for 1 year","Save an extra 30% for a year on newspaper subscriptions"
"77302497-61b2-42fe-8af8-e02a842515b4","GRR267","C_JPJJVQIQ","2018-12-11T00:00:00.000Z","","Newsagent Retail offer - 30% for 1 year","Save an extra 30% for a year on newspaper subscriptions"
"77302497-61b2-42fe-8af8-e02a842515b4","GRR342","C_JPJJVQIQ","2018-12-11T00:00:00.000Z","","Newsagent Retail offer - 30% for 1 year","Save an extra 30% for a year on newspaper subscriptions"
"77302497-61b2-42fe-8af8-e02a842515b4","GRR389","C_JPJJVQIQ","2018-12-11T00:00:00.000Z","","Newsagent Retail offer - 30% for 1 year","Save an extra 30% for a year on newspaper subscriptions"
"77302497-61b2-42fe-8af8-e02a842515b4","GRR399","C_JPJJVQIQ","2018-12-11T00:00:00.000Z","","Newsagent Retail offer - 30% for 1 year","Save an extra 30% for a year on newspaper subscriptions"
"77302497-61b2-42fe-8af8-e02a842515b4","GRR293","C_JPJJVQIQ","2018-12-11T00:00:00.000Z","","Newsagent Retail offer - 30% for 1 year","Save an extra 30% for a year on newspaper subscriptions"
"77302497-61b2-42fe-8af8-e02a842515b4","GRR282","C_JPJJVQIQ","2018-12-11T00:00:00.000Z","","Newsagent Retail offer - 30% for 1 year","Save an extra 30% for a year on newspaper subscriptions"
"77302497-61b2-42fe-8af8-e02a842515b4","GRR386","C_JPJJVQIQ","2018-12-11T00:00:00.000Z","","Newsagent Retail offer - 30% for 1 year","Save an extra 30% for a year on newspaper subscriptions"
"77302497-61b2-42fe-8af8-e02a842515b4","GRR292","C_JPJJVQIQ","2018-12-11T00:00:00.000Z","","Newsagent Retail offer - 30% for 1 year","Save an extra 30% for a year on newspaper subscriptions"
"77302497-61b2-42fe-8af8-e02a842515b4","GRR393","C_JPJJVQIQ","2018-12-11T00:00:00.000Z","","Newsagent Retail offer - 30% for 1 year","Save an extra 30% for a year on newspaper subscriptions"
"77302497-61b2-42fe-8af8-e02a842515b4","GRR394","C_JPJJVQIQ","2018-12-11T00:00:00.000Z","","Newsagent Retail offer - 30% for 1 year","Save an extra 30% for a year on newspaper subscriptions"
"77302497-61b2-42fe-8af8-e02a842515b4","GRR273","C_JPJJVQIQ","2018-12-11T00:00:00.000Z","","Newsagent Retail offer - 30% for 1 year","Save an extra 30% for a year on newspaper subscriptions"
"77302497-61b2-42fe-8af8-e02a842515b4","GRR323","C_JPJJVQIQ","2018-12-11T00:00:00.000Z","","Newsagent Retail offer - 30% for 1 year","Save an extra 30% for a year on newspaper subscriptions"
"77302497-61b2-42fe-8af8-e02a842515b4","GRR377","C_JPJJVQIQ","2018-12-11T00:00:00.000Z","","Newsagent Retail offer - 30% for 1 year","Save an extra 30% for a year on newspaper subscriptions"
"77302497-61b2-42fe-8af8-e02a842515b4","GRR237","C_JPJJVQIQ","2018-12-11T00:00:00.000Z","","Newsagent Retail offer - 30% for 1 year","Save an extra 30% for a year on newspaper subscriptions"
"77302497-61b2-42fe-8af8-e02a842515b4","GRR264","C_JPJJVQIQ","2018-12-11T00:00:00.000Z","","Newsagent Retail offer - 30% for 1 year","Save an extra 30% for a year on newspaper subscriptions"
"77302497-61b2-42fe-8af8-e02a842515b4","GRR248","C_JPJJVQIQ","2018-12-11T00:00:00.000Z","","Newsagent Retail offer - 30% for 1 year","Save an extra 30% for a year on newspaper subscriptions"
"77302497-61b2-42fe-8af8-e02a842515b4","GRR378","C_JPJJVQIQ","2018-12-11T00:00:00.000Z","","Newsagent Retail offer - 30% for 1 year","Save an extra 30% for a year on newspaper subscriptions"
"77302497-61b2-42fe-8af8-e02a842515b4","GRR336","C_JPJJVQIQ","2018-12-11T00:00:00.000Z","","Newsagent Retail offer - 30% for 1 year","Save an extra 30% for a year on newspaper subscriptions"
"77302497-61b2-42fe-8af8-e02a842515b4","GRR238","C_JPJJVQIQ","2018-12-11T00:00:00.000Z","","Newsagent Retail offer - 30% for 1 year","Save an extra 30% for a year on newspaper subscriptions"
"77302497-61b2-42fe-8af8-e02a842515b4","GRR424","C_JPJJVQIQ","2018-12-11T00:00:00.000Z","","Newsagent Retail offer - 30% for 1 year","Save an extra 30% for a year on newspaper subscriptions"
"77302497-61b2-42fe-8af8-e02a842515b4","GRR366","C_JPJJVQIQ","2018-12-11T00:00:00.000Z","","Newsagent Retail offer - 30% for 1 year","Save an extra 30% for a year on newspaper subscriptions"
"77302497-61b2-42fe-8af8-e02a842515b4","GRR223","C_JPJJVQIQ","2018-12-11T00:00:00.000Z","","Newsagent Retail offer - 30% for 1 year","Save an extra 30% for a year on newspaper subscriptions"
"77302497-61b2-42fe-8af8-e02a842515b4","mccolls30","C_JPJJVQIQ","2018-12-11T00:00:00.000Z","","Newsagent Retail offer - 30% for 1 year","Save an extra 30% for a year on newspaper subscriptions"
"77302497-61b2-42fe-8af8-e02a842515b4","nfrn30","C_JPJJVQIQ","2018-12-11T00:00:00.000Z","","Newsagent Retail offer - 30% for 1 year","Save an extra 30% for a year on newspaper subscriptions"
"77302497-61b2-42fe-8af8-e02a842515b4","onestop30","C_JPJJVQIQ","2018-12-11T00:00:00.000Z","","Newsagent Retail offer - 30% for 1 year","Save an extra 30% for a year on newspaper subscriptions"
"77302497-61b2-42fe-8af8-e02a842515b4","spar30","C_JPJJVQIQ","2018-12-11T00:00:00.000Z","","Newsagent Retail offer - 30% for 1 year","Save an extra 30% for a year on newspaper subscriptions"
"9df5af09-06ae-4d57-af6c-9db2a7b533b2","3TIER_SUPPORTERPLUS_INT_MONTHLY","C_LS1WU4LW","2024-02-01T00:00:00.000Z","","Supporter Plus INT Monthly","Supporter Plus INT Monthly"
"46e5be3e-8d40-4b90-a5b0-4bfa4cd757eb","DK20FVPBT","C_K20BMKA0","2019-10-20T23:00:00.000Z","","test3ABC","test3"
"9d399bd8-560b-4545-80b8-34d79511a873","DDPFMAN44A","C_JVI6GS3T","2019-05-09T23:00:00.000Z","","Save 25% off for a year","Save 25% off for a year on the Guardian Digital Pack"
"0bd17b35-db51-4be3-8c04-2b362098cb64","GWSTAFF","C_L8D2HTWD","2025-11-20T00:00:00.000Z","2025-12-31T23:59:59.000Z","GW Christmas 2025 STAFF OFFER","1/2 off annual subscription"
"a9823d61-ae64-425b-9acd-06c6e1bf5c6b","CEXGMI","C_J0V3QFWZ","2017-03-28T23:00:00.000Z","","CEx Guardian Weekly Migration - 3 months free","Three months free"
"5430678b-ad7e-411d-840a-52836378c325","ANNUAL-INTRO-EU","C_K8FQAB0L","2020-03-30T23:00:00.000Z","","Introductory Promotion EU","Save over 20% against monthly in the first year"
"1fc7677b-5262-4412-aa96-096809491108","WAITROSE_SIXDAYHD","C_M20BBSME","2024-10-07T23:00:00.000Z","","50% discount for 3 months for MyWaitrose customers","A special offer for customers who have a MyWaitrose card!"
"9f254b3d-0c31-4188-95cf-cec0efdacd9c","3TIER_WEEKLY_AU_MONTHLY","C_LS3GS2M7","2024-02-01T00:00:00.000Z","","Three Tier Weekly AU Monthly","Three Tier Weekly AU Monthly"
"fedd3549-267c-4ffc-8e39-eb223d42097b","WHSBOOKCLUB_SIXDAYHD","C_MG55YDEY","2025-09-28T23:00:00.000Z","2025-12-31T23:59:59.000Z","WHS Smith Book Club Travel Offer - Six day HD","WHS Smith Book Club Travel Offer"
"f3994466-c440-4301-b339-3d023345724a","DSB11","STUDENTS_2016","2016-05-04T23:00:00.003Z","","Student price £7.49 per month","Enjoy an exclusive student discount on the Guardian Digital Pack. Get every paper delivered to your tablet for less than 25p."
"f3994466-c440-4301-b339-3d023345724a","DSB02","STUDENTS_2016","2016-05-04T23:00:00.003Z","","Student price £7.49 per month","Enjoy an exclusive student discount on the Guardian Digital Pack. Get every paper delivered to your tablet for less than 25p."
"f3994466-c440-4301-b339-3d023345724a","DSB13","STUDENTS_2016","2016-05-04T23:00:00.003Z","","Student price £7.49 per month","Enjoy an exclusive student discount on the Guardian Digital Pack. Get every paper delivered to your tablet for less than 25p."
"f3994466-c440-4301-b339-3d023345724a","DSB12","STUDENTS_2016","2016-05-04T23:00:00.003Z","","Student price £7.49 per month","Enjoy an exclusive student discount on the Guardian Digital Pack. Get every paper delivered to your tablet for less than 25p."
"f3994466-c440-4301-b339-3d023345724a","DSB07","STUDENTS_2016","2016-05-04T23:00:00.003Z","","Student price £7.49 per month","Enjoy an exclusive student discount on the Guardian Digital Pack. Get every paper delivered to your tablet for less than 25p."
"f3994466-c440-4301-b339-3d023345724a","DSB15","STUDENTS_2016","2016-05-04T23:00:00.003Z","","Student price £7.49 per month","Enjoy an exclusive student discount on the Guardian Digital Pack. Get every paper delivered to your tablet for less than 25p."
"f3994466-c440-4301-b339-3d023345724a","DSB04","STUDENTS_2016","2016-05-04T23:00:00.003Z","","Student price £7.49 per month","Enjoy an exclusive student discount on the Guardian Digital Pack. Get every paper delivered to your tablet for less than 25p."
"f3994466-c440-4301-b339-3d023345724a","DSB09","STUDENTS_2016","2016-05-04T23:00:00.003Z","","Student price £7.49 per month","Enjoy an exclusive student discount on the Guardian Digital Pack. Get every paper delivered to your tablet for less than 25p."
"f3994466-c440-4301-b339-3d023345724a","DSB10","STUDENTS_2016","2016-05-04T23:00:00.003Z","","Student price £7.49 per month","Enjoy an exclusive student discount on the Guardian Digital Pack. Get every paper delivered to your tablet for less than 25p."
"f3994466-c440-4301-b339-3d023345724a","DSB03","STUDENTS_2016","2016-05-04T23:00:00.003Z","","Student price £7.49 per month","Enjoy an exclusive student discount on the Guardian Digital Pack. Get every paper delivered to your tablet for less than 25p."
"f3994466-c440-4301-b339-3d023345724a","DSB14","STUDENTS_2016","2016-05-04T23:00:00.003Z","","Student price £7.49 per month","Enjoy an exclusive student discount on the Guardian Digital Pack. Get every paper delivered to your tablet for less than 25p."
"f3994466-c440-4301-b339-3d023345724a","DSB08","STUDENTS_2016","2016-05-04T23:00:00.003Z","","Student price £7.49 per month","Enjoy an exclusive student discount on the Guardian Digital Pack. Get every paper delivered to your tablet for less than 25p."
"f3994466-c440-4301-b339-3d023345724a","DSB05","STUDENTS_2016","2016-05-04T23:00:00.003Z","","Student price £7.49 per month","Enjoy an exclusive student discount on the Guardian Digital Pack. Get every paper delivered to your tablet for less than 25p."
"f3994466-c440-4301-b339-3d023345724a","DSB06","STUDENTS_2016","2016-05-04T23:00:00.003Z","","Student price £7.49 per month","Enjoy an exclusive student discount on the Guardian Digital Pack. Get every paper delivered to your tablet for less than 25p."
"f3994466-c440-4301-b339-3d023345724a","DSB01","STUDENTS_2016","2016-05-04T23:00:00.003Z","","Student price £7.49 per month","Enjoy an exclusive student discount on the Guardian Digital Pack. Get every paper delivered to your tablet for less than 25p."
"f3994466-c440-4301-b339-3d023345724a","DSA13","STUDENTS_2016","2016-05-04T23:00:00.003Z","","Student price £7.49 per month","Enjoy an exclusive student discount on the Guardian Digital Pack. Get every paper delivered to your tablet for less than 25p."
"f3994466-c440-4301-b339-3d023345724a","DSA03","STUDENTS_2016","2016-05-04T23:00:00.003Z","","Student price £7.49 per month","Enjoy an exclusive student discount on the Guardian Digital Pack. Get every paper delivered to your tablet for less than 25p."
"f3994466-c440-4301-b339-3d023345724a","DSA05","STUDENTS_2016","2016-05-04T23:00:00.003Z","","Student price £7.49 per month","Enjoy an exclusive student discount on the Guardian Digital Pack. Get every paper delivered to your tablet for less than 25p."
"f3994466-c440-4301-b339-3d023345724a","DSA10","STUDENTS_2016","2016-05-04T23:00:00.003Z","","Student price £7.49 per month","Enjoy an exclusive student discount on the Guardian Digital Pack. Get every paper delivered to your tablet for less than 25p."
"f3994466-c440-4301-b339-3d023345724a","DSA07","STUDENTS_2016","2016-05-04T23:00:00.003Z","","Student price £7.49 per month","Enjoy an exclusive student discount on the Guardian Digital Pack. Get every paper delivered to your tablet for less than 25p."
"f3994466-c440-4301-b339-3d023345724a","DSA12","STUDENTS_2016","2016-05-04T23:00:00.003Z","","Student price £7.49 per month","Enjoy an exclusive student discount on the Guardian Digital Pack. Get every paper delivered to your tablet for less than 25p."
"f3994466-c440-4301-b339-3d023345724a","DSA08","STUDENTS_2016","2016-05-04T23:00:00.003Z","","Student price £7.49 per month","Enjoy an exclusive student discount on the Guardian Digital Pack. Get every paper delivered to your tablet for less than 25p."
"f3994466-c440-4301-b339-3d023345724a","DSA02","STUDENTS_2016","2016-05-04T23:00:00.003Z","","Student price £7.49 per month","Enjoy an exclusive student discount on the Guardian Digital Pack. Get every paper delivered to your tablet for less than 25p."
"f3994466-c440-4301-b339-3d023345724a","DSA09","STUDENTS_2016","2016-05-04T23:00:00.003Z","","Student price £7.49 per month","Enjoy an exclusive student discount on the Guardian Digital Pack. Get every paper delivered to your tablet for less than 25p."
"f3994466-c440-4301-b339-3d023345724a","DSA01","STUDENTS_2016","2016-05-04T23:00:00.003Z","","Student price £7.49 per month","Enjoy an exclusive student discount on the Guardian Digital Pack. Get every paper delivered to your tablet for less than 25p."
"f3994466-c440-4301-b339-3d023345724a","DSA11","STUDENTS_2016","2016-05-04T23:00:00.003Z","","Student price £7.49 per month","Enjoy an exclusive student discount on the Guardian Digital Pack. Get every paper delivered to your tablet for less than 25p."
"f3994466-c440-4301-b339-3d023345724a","DSA04","STUDENTS_2016","2016-05-04T23:00:00.003Z","","Student price £7.49 per month","Enjoy an exclusive student discount on the Guardian Digital Pack. Get every paper delivered to your tablet for less than 25p."
"f3994466-c440-4301-b339-3d023345724a","DSA06","STUDENTS_2016","2016-05-04T23:00:00.003Z","","Student price £7.49 per month","Enjoy an exclusive student discount on the Guardian Digital Pack. Get every paper delivered to your tablet for less than 25p."
"f3994466-c440-4301-b339-3d023345724a","DSA15","STUDENTS_2016","2016-05-04T23:00:00.003Z","","Student price £7.49 per month","Enjoy an exclusive student discount on the Guardian Digital Pack. Get every paper delivered to your tablet for less than 25p."
"f3994466-c440-4301-b339-3d023345724a","DSA14","STUDENTS_2016","2016-05-04T23:00:00.003Z","","Student price £7.49 per month","Enjoy an exclusive student discount on the Guardian Digital Pack. Get every paper delivered to your tablet for less than 25p."
"5237888f-78e8-4db4-8cef-22edde3b5e00","WKG81QO7L","C_K80HJ6AW","2020-10-12T23:00:00.000Z","","13 for 13 UK only","13 issues for £13"
"13f960f7-29ec-49a2-9da7-fb2a9da86a9a","GWCHRISTMAS1","C_L8D2HTWD","2025-11-30T00:00:00.000Z","2025-12-24T23:59:59.000Z","GW Christmas 2024 - US, CA, AU, NZ, ROW","50% off annual gifting subscription"
"42227e61-c5e9-4614-b903-9fcc79886b31","WHSBOOKCLUB_WEEKEND","C_MG55YDEY","2025-09-28T23:00:00.000Z","2025-12-31T23:59:59.000Z","WHS Smith Book Club Travel Offer - Weekend","WHS Smith Book Club Travel Offer"
"177592b7-550b-476e-96b6-301dbdbd1b48","ANNUAL-INTRO-AU","C_K8FQAB0L","2020-03-30T23:00:00.000Z","","Introductory Promotion AU","Save over 20% against monthly in the first year"
"e2dee53e-16be-4820-861f-1706dedfd40a","3TIER_WEEKLY_EU_ANNUAL_V2","C_LXLY0U85","2024-06-18T23:00:00.000Z","","Three Tier Weekly EU Annual V2","Three Tier Weekly EU Annual"
"d597cd4e-b6bb-4400-998e-4d08475647ad","SURVEY7","C_L6KVUF94","2025-06-11T23:00:00.000Z","","Newspaper Survey Discount 2025","Survey 123"
"a5567a6e-3f6d-4046-9ad1-ee545e32bf97","NK0MENDAU","C_K0GSPNQJ","2019-09-15T23:00:00.000Z","","test","test"
"af1a88a7-332a-40c1-bf8f-adcedfc35c39","WLS90O2V100","C_LS3GS2M7","2024-02-01T00:00:00.000Z","","_____REMOVE","Three Tier Weekly AU Monthly"
"6b59f5cf-1498-449f-bafc-2fe382087f0a","ANNUAL-INTRO-NZ","C_K8FQAB0L","2020-03-30T23:00:00.000Z","","Introductory Promotion NZ","Save over 20% against monthly in the first year"
"cb33e376-d368-4bd4-a21d-6112e686079e","DK20FVPBT","C_K20BMKA0","2019-10-20T23:00:00.000Z","","test3ABC [COPY]","test3 copy"
"a6024909-90b1-4b0c-8ef2-8c4deae42dd2","WAITROSE_SIXDAY","C_M20BBSME","2024-10-07T23:00:00.000Z","","50% discount for 3 months for MyWaitrose customers","A special offer for customers who have a MyWaitrose card!"
"44557e05-8928-4019-b56d-c7b883e6aca0","3TIER_SUPPORTERPLUS_NZ_ANNUAL_V2","C_LXM0ILZR","2024-06-18T23:00:00.000Z","","Three Tier Supporter Plus NZ Annual V2","Three Tier Supporter Plus NZ Annual"
"6c590a9d-3d69-46e6-914c-684d8a5d68fa","3TIER_SUPPORTERPLUS_CA_ANNUAL","C_LS1WU4LW","2024-02-01T00:00:00.000Z","","Supporter Plus CA Annual","Supporter Plus CA Annual"
"979c4868-9552-408a-8760-de83f316455e","3TIER_WEEKLY_US_ANNUAL_V2","C_LXLY0U85","2024-06-18T23:00:00.000Z","","Three Tier Weekly US Annual V2","Three Tier Weekly US Annual"
"290de74f-0469-43fc-8672-f568bb825b05","SUPPORTERGW","C_JOPZLN7O","2018-11-20T00:00:00.000Z","","Subscribe to the Guardian Weekly","Save 20% on quarterly and annual Guardian Weekly subscriptions"
"7cccc901-b730-4ef7-887a-8cb4e12f2d03","3TIER_SUPPORTERPLUS_NZ_MONTHLY_V2","C_LXM0ILZR","2024-06-18T23:00:00.000Z","","Three Tier Supporter Plus NZ Monthly V2","Three Tier Supporter Plus NZ Monthly"
"5701e850-8e53-4f36-8e94-f7a6c8c45e8d","AUELECT60","C_L2ITHSNV","2022-04-27T23:00:00.000Z","","GW 60% off for 3 months - Australia Election extra 10% off","Get 60% off a monthly subscription for 3 months"
"16c52f56-d3cc-40b5-a4c7-e032a906141e","3TIER_WEEKLY_US_ANNUAL","C_LS3GS2M7","2024-02-01T00:00:00.000Z","","Three Tier Weekly US Annual","Three Tier Weekly US Annual"
"0dd7cac7-1f70-4b11-a3c5-413dd2ea5432","DMFMJKVHB","C_K20BMKA0","2025-08-31T23:00:00.000Z","","Blah","Blah"
"18251859-3d18-4f8d-ac81-bd6aaa3e190d","OBSEXP20250725HD","C_MD6539P4","2025-07-16T23:00:00.000Z","2026-01-31T23:59:59.000Z","Observer Supporter Offer - Home Delivery","50% off for 12 months"
"b6b9873e-816f-4e5e-a17c-3123e55ecd27","3TIER_WEEKLY_CA_MONTHLY_V2","C_LXLY0U85","2024-06-18T23:00:00.000Z","","Three Tier Weekly CA Monthly V2","Three Tier Weekly CA Monthly"
"7013d31e-8e7a-42e1-9a64-d5547be89634","CEXVMI","CEXVMI","2017-01-12T00:00:00.000Z","","CEx Voucher and Home Delivery Migration - 3 months free","Three months free"
"4b62c3cc-a6ac-4a66-add7-e011d513311b","50OFF3","C_LEFU8G0I","2023-07-02T23:00:00.000Z","2028-10-31T23:59:59.000Z","GW 50off3 Always-On","50% off for 3 months"
"305fa6a2-297b-410a-a464-d708358f4ba5","3TIER_WEEKLY_UK_ANNUAL","C_LS3GS2M7","2024-02-01T00:00:00.000Z","","Three Tier Weekly UK Annual","Three Tier Weekly UK Annual"
"f316ab14-f23d-47ff-ac32-595eccd4dfdf","GBK31F","C_J50RZIAJ","2020-07-01T23:00:00.000Z","","20% off 3 months","Subscribe and get year-round savings on the price of the newspaper. Plus, with this exclusive offer, you'll enjoy an extra 20% off your first 3 months."
"f316ab14-f23d-47ff-ac32-595eccd4dfdf","GBK31G","C_J50RZIAJ","2020-07-01T23:00:00.000Z","","20% off 3 months","Subscribe and get year-round savings on the price of the newspaper. Plus, with this exclusive offer, you'll enjoy an extra 20% off your first 3 months."
"7e2e5ae6-d2e2-4ad6-bddc-52dfec987840","TRUSS50","C_L2ITHSNV","2022-08-15T23:00:00.000Z","2026-08-27T22:59:59.000Z","GW 50% off for 3 months - Truss Prime Minister Moment","New Prime Minister special - 50% off for 3 months ending on Friday"
"8e4ac72b-f04e-480a-bee1-d2dac9e89fc2","3TIER_SUPPORTERPLUS_AU_MONTHLY","C_LS1WU4LW","2024-02-01T00:00:00.000Z","","Supporter Plus AU Monthly","Supporter Plus AU Monthly"
"4b24b945-c96c-49ce-9215-690d920f4db5","DJXYHLGGN","C_JXA9Y573","2019-08-31T23:00:00.000Z","","Digital subscription 50% off 3 months","Get 50% for 3 months on your Digital Subscription"
"39554c59-fb74-4d84-85de-4e67eaad1f2d","GWAGENT25","C_L8D2HTWD","2022-09-21T23:00:00.000Z","","GW Agents Discount","25% off annual subscription"
"9fe22ba9-2805-4cb0-ae2d-a09084547f63","WUV82X","C_J0XGWR30","2018-04-09T23:00:00.000Z","","10% discount for universities","Save 10% for a year"
"7eb4bb60-197b-42d0-8570-7d5b92a1702f","WHSBOOKCLUB_WEEKENDHD","C_MG55YDEY","2025-09-28T23:00:00.000Z","2025-12-31T23:59:59.000Z","WHS Smith Book Club Travel Offer - Weekend HD","WHS Smith Book Club Travel Offer"
"58ce36fd-91e7-43eb-980b-719144cbed3b","DIP8HOH4P","C_IP8HMRZF","2016-06-08T23:00:00.000Z","","50% off for a year - channel island readers","50% off the Digital Pack for a year"
"58ce36fd-91e7-43eb-980b-719144cbed3b","testtest!","C_IP8HMRZF","2016-06-08T23:00:00.000Z","","50% off for a year - channel island readers","50% off the Digital Pack for a year"
"ec4c643a-d0e1-4a96-85ed-0f15c79e00ca","PRINT_CULTURE_SIXDAYHD","C_L6KVUF94","2025-02-13T00:00:00.000Z","2025-12-24T23:59:59.000Z","Culture Event - Sixday Home Delivery","Guardian and Observer newspaper subscriptions to suit every reader"
"93a256c2-8d0f-4d02-bcdb-c2a7f66c7d59","OBTM1219VHD","C_K48NAPZR","2019-12-16T00:00:00.000Z","","25% off subs via outbound telemarketing","Get 25% off subscriptions for 12 months"
"d272a1f8-ec3a-4486-a9dc-cd70c25ed6c0","NK7N6GAR7","C_K48NAPZR","2020-03-11T00:00:00.000Z","","test2","<a href="/logout" id="logout-button">Logout</a>"
"81578af4-6921-4e61-a0d6-fc5ebbc6497f","3TIER_SUPPORTERPLUS_UK_MONTHLY_V2","C_LXM0ILZR","2024-06-18T23:00:00.000Z","","Three Tier Supporter Plus UK Monthly V2","Three Tier Supporter Plus UK Monthly"
"8e69aaa6-f812-440c-8bab-14ceabfcc9ea","3TIER_WEEKLY_US_MONTHLY","C_LS3GS2M7","2024-02-01T00:00:00.000Z","","Three Tier Weekly US Monthly","Three Tier Weekly US Monthly"
"b4bf1538-fdb5-449e-a0ea-f4dbea2c1f43","WHSBOOKCLUB_EVERYDAY","C_MG55YDEY","2025-09-28T23:00:00.000Z","2025-12-31T23:59:59.000Z","WHS Smith Book Club Travel Offer - Every day","WHSmith Book Club Travel Offer"
"76bd152d-9742-4d6c-a1e8-cc1a580d6adb","3TIER_WEEKLY_INT_ANNUAL_V2","C_LXLY0U85","2024-06-18T23:00:00.000Z","","Three Tier Weekly INT Annual V2","Three Tier Weekly INT Annual"
"5e9532b1-a4ba-4b37-a233-0331be91b790","PUZZLESWEEKENDHD","C_L6KVUF94","2025-06-11T23:00:00.000Z","","Newspaper Puzzles Supplement Discount Weekend HD","Puzzles Supplement Discount"
"bf82495f-3d8c-492f-a861-23aa3dad43e6","LX4GSTQ3","C_LX4GO12F","2024-06-05T23:00:00.000Z","","TEST","TEST"
"dcd110c8-c383-4c23-bf5f-a33dede55c8e","WKG9KEK29","C_KG9K6S1R","2020-10-13T23:00:00.000Z","","£2 per issue for 13 weeks","£26 for 13 issues"
"07c5eb92-fc90-459e-96f0-9d07071461d0","3TIER_SUPPORTERPLUS_UK_ANNUAL_V2","C_LXM0ILZR","2024-06-18T23:00:00.000Z","","Three Tier Supporter Plus UK Annual V2","Three Tier Supporter Plus UK Annual"
"3e033a4a-86ba-461a-8fd4-cf94ae7d1b29","UGW25","C_JQMGD668","2019-01-07T00:00:00.000Z","","Subscribe to The Guardian Weekly","Save 25% for a year on subscriptions to The Guardian Weekly"
"abfbfd19-34c0-451d-b3d5-aad36c88c1b4","3TIER_WEEKLY_NZ_ANNUAL","C_LS3GS2M7","2024-02-01T00:00:00.000Z","","Three Tier Weekly NZ Annual","Three Tier Weekly NZ Annual"
"07bc1cdf-ebdb-4647-bcad-d6c3f263a263","3TIER_SUPPORTERPLUS_UK_MONTHLY","C_LS1WU4LW","2024-02-01T00:00:00.000Z","","Supporter Plus UK Monthly","Supporter Plus UK Monthly"
"0f5682c8-5c53-49eb-a6ef-dc2ea243d5b7","MCUK3Q1T00","C_MCOL47FV","2025-07-03T23:00:00.000Z","","AU_STUDENT_100 [COPY]","100% discount for Australian students"
"0f5682c8-5c53-49eb-a6ef-dc2ea243d5b7","MCUK3Q1T01","C_MCOL47FV","2025-07-03T23:00:00.000Z","","AU_STUDENT_100 [COPY]","100% discount for Australian students"
"9d189f43-09b3-4b4e-895c-db01915e316b","GWCHRISTMAS","C_L8D2HTWD","2025-11-30T00:00:00.000Z","2025-12-24T23:59:59.000Z","GW Christmas - UK EU CA ROW - 2025","1/3 off gift subscription"
"c6f8d1a8-f5d0-4700-87e8-a14d151d929d","DK0NT24WG","C_K0NSZHK4","2019-09-16T23:00:00.000Z","","September 2019 - 50% off for 3 months","50% off for 3 months"
"1c4bcc30-c31d-46ea-bd4f-dd1c139edc0f","M0F2LOWN","C_M05G5IAH","2024-08-25T23:00:00.000Z","","12monthSupporterPlus_Android","12monthSupporterPlus_Android"
"b32827e8-8362-4e95-aca5-7a1119d8e4bf","BENNOSCHARITYDO","C_L64T9325","2022-07-27T23:00:00.000Z","","Congratulations!","One Year for Free"
"b615b988-c9a3-4b87-b03e-83c2d80dec46","WAITROSE_WEEKEND","C_M20BBSME","2024-10-07T23:00:00.000Z","","50% discount for 3 months for MyWaitrose customers","A special offer for customers who have a MyWaitrose card!"
"5e8a5e2a-2d46-4957-aaa1-c4de1d28b8f7","CEX_dig50","C_IP8HMRZF","2017-09-06T23:00:00.000Z","","CEX half price digital pack","50% off for one year"
"41dd4270-0730-49ac-8679-aac098f0c14d","3TIER_SUPPORTERPLUS_US_MONTHLY_V2","C_LXM0ILZR","2024-06-18T23:00:00.000Z","","Three Tier Supporter Plus US Monthly V2","Three Tier Supporter Plus US Monthly"
"d7917fef-327b-46b7-a7af-78588245fe32","3TIER_SUPPORTERPLUS_US_ANNUAL_V2","C_LXM0ILZR","2024-06-18T23:00:00.000Z","","Three Tier Supporter Plus US Annual V2","Three Tier Supporter Plus US Annual"
"742013aa-034a-420f-9069-d91defd42079","GWCHRISTMASALICE","C_L8D2HTWD","2022-11-04T00:00:00.000Z","","GW Christmas 2022 [COPY] [COPY]","50% off annual gifting subscription"
"6f5e635c-0144-47f5-b95d-96cf326007c0","TESTCODE","C_M05G5IAH","2024-10-02T23:00:00.000Z","","50%OFF3","50% off for 3 months"
"1c829a00-bf0b-4491-84d0-2aa29d8c3db3","3TIER_WEEKLY_CA_ANNUAL","C_LS3GS2M7","2024-02-01T00:00:00.000Z","","Three Tier Weekly CA Annual","Three Tier Weekly CA Annual"
"ceec91d7-ba5e-46a5-b73b-4305214fa5a5","GW5019US","C_K3ZRUM7T","2019-12-10T00:00:00.000Z","","50% off when you subscribe","Save up to 50% when you subscribe"
"51df131d-6805-48b4-81d6-2c88240e344e","WAITROSE_EVERYDAYHD","C_M20BBSME","2024-10-07T23:00:00.000Z","","50% discount for 3 months for MyWaitrose customers","A special offer for customers who have a MyWaitrose card!"
"8fb823c1-0c02-439f-9f41-2cd6b234de53","PUZZLESEVERYDAYHD","C_L6KVUF94","2025-06-11T23:00:00.000Z","","Newspaper Puzzles Supplement Discount Everyday HD","Puzzles Supplement Discount"
"0e426131-09a6-4044-8a8d-2b1b2a6db066","DLA01","C_IR3JGFCG","2016-07-25T23:00:00.000Z","","DigiPack - 50% off first 3 months","50% off the Digital Pack for your first 3 months"
"01b5521a-d548-4860-a6b8-86e757e11ddc","3TIER_SUPPORTERPLUS_INT_ANNUAL_V2","C_LXM0ILZR","2024-06-18T23:00:00.000Z","","Three Tier Supporter Plus INT Annual V2","Three Tier Supporter Plus INT Annual"
"1d772e33-25b7-47cb-aa80-8043858bd91c","GWSTUDENT","C_L5JH3B9K","2022-07-12T23:00:00.000Z","","GW Student Offer Campaign","Student Offer - 50% off for 6 months"
"3b41dd8d-5aa6-4a15-9eff-fe49797a4a0d","3TIER_SUPPORTERPLUS_EU_MONTHLY_V2","C_LXM0ILZR","2024-06-18T23:00:00.000Z","","Three Tier Supporter Plus EU Monthly V2","Three Tier Supporter Plus EU Monthly"
"dcd427b2-af6a-4214-8993-2c6bdea37341","DDPFMINT80","C_JEPM20K3","2019-01-01T00:00:00.000Z","","DigitalPackIntMonthly","Save 25% off for a year"
"86401226-8b34-42a3-8879-9a3fd82ca094","testpaper","C_JKE2KVF8","2021-02-25T00:00:00.000Z","","Test","test"
"f4436daa-aa5b-40c6-93b8-a8770cba3752","WLXNFXWE1","C_LXNFWIYV","2024-06-19T23:00:00.000Z","","Sally Hunter Raffle Prize","Free Guardian Weekly Subscription"
"5be0cc86-d790-4322-9277-c85a745c2af5","GBL22F","C_J6HX6E7J","2017-08-17T23:00:00.000Z","","Newspapers |17/18 | 10% Bookshop customer discount","Subscribe and get year-round savings on the price of the newspaper. Plus, Guardian Bookshop customers enjoy an extra 10% off any paper or paper+ subscription for a year."
"4c0adeaa-2820-4ed1-aa15-681e32fc6ae3","3TIER_WEEKLY_CA_ANNUAL_V2","C_LXLY0U85","2024-06-18T23:00:00.000Z","","Three Tier Weekly CA Annual V2","Three Tier Weekly CA Annual"
"ae004c36-16c4-4a13-abde-14154810da15","3TIER_SUPPORTERPLUS_AU_ANNUAL_V2","C_LXM0ILZR","2024-06-18T23:00:00.000Z","","Three Tier Supporter Plus AU Annual V2","Three Tier Supporter Plus AU Annual"
"b51021ab-cc72-4001-b94c-a6b472c0fc94","3TIER_SUPPORTERPLUS_EU_ANNUAL_V2","C_LXM0ILZR","2024-06-18T23:00:00.000Z","","Three Tier Supporter Plus EU Annual V2","Three Tier Supporter Plus EU Annual"
"17dcd3dc-fe34-4af9-9ba8-23021cc9cf99","MFWOHNHA","OCT_DISCOUNT_50_3_MONTHS","2025-09-22T23:00:00.000Z","2032-06-30T22:59:59.000Z","30% Off Annual Winback","30% off annual"
"092cbcb4-0d74-41ec-8cdb-ae1e2a51e1f9","UTS_STUDENT","C_MCOL47FV","2025-07-03T23:00:00.000Z","","AU_STUDENT_100","100% discount for Australian students"
"193e541e-9ac1-44bf-9a51-8dad44214fba","WJ5C92QE2","C_J0TCM1Y3","2017-07-16T23:00:00.000Z","","MC discount test","This promotion is a test and will not be honoured"
"3b20107e-35ea-4b5a-abc9-13bd3a81e474","150WEEKLY","C_KG9K6S1R","2020-10-13T23:00:00.000Z","","£1.50 per week for 13 weeks","£19.50 for 13 issues"
"3b20107e-35ea-4b5a-abc9-13bd3a81e474","WKG9KADYW","C_KG9K6S1R","2020-10-13T23:00:00.000Z","","£1.50 per week for 13 weeks","£19.50 for 13 issues"
"baecb2c7-1df8-4964-95f8-500ee1e51b29","DD09L","C_IWYRGOLR","2016-12-21T00:00:00.000Z","","10% discount on international quarterly rate","Don't miss an issue. Renew your subscription now."
"baecb2c7-1df8-4964-95f8-500ee1e51b29","DD06C","C_IWYRGOLR","2016-12-21T00:00:00.000Z","","10% discount on international quarterly rate","Don't miss an issue. Renew your subscription now."
"baecb2c7-1df8-4964-95f8-500ee1e51b29","DD08C","C_IWYRGOLR","2016-12-21T00:00:00.000Z","","10% discount on international quarterly rate","Don't miss an issue. Renew your subscription now."
"baecb2c7-1df8-4964-95f8-500ee1e51b29","DD10C","C_IWYRGOLR","2016-12-21T00:00:00.000Z","","10% discount on international quarterly rate","Don't miss an issue. Renew your subscription now."
"baecb2c7-1df8-4964-95f8-500ee1e51b29","DD05E","C_IWYRGOLR","2016-12-21T00:00:00.000Z","","10% discount on international quarterly rate","Don't miss an issue. Renew your subscription now."
"baecb2c7-1df8-4964-95f8-500ee1e51b29","DD07E","C_IWYRGOLR","2016-12-21T00:00:00.000Z","","10% discount on international quarterly rate","Don't miss an issue. Renew your subscription now."
"8f38a4d5-f01b-42ba-90cb-fe74fa1ccd19","APP30OFF3MONTHS","C_M3HJ4ZCD","2025-08-27T23:00:00.000Z","","App meter discount – 30% off for 3 months","30% off an All-access digital subscription for three months"
"d8a233d3-1049-4a32-a8c1-e64cd716d9d3","GW5019UK","C_K3ZRUM7T","2019-12-10T00:00:00.000Z","","50% off when you subscribe","Save up to 50% when you subscribe"
"c08264db-f49d-468a-a50b-17ba794692a5","COOP40","C_LBXPRWWN","2023-03-26T00:00:00.000Z","","40% off - POS Coop and Onestop","Limited time offer - save up to 60% off"
"c08264db-f49d-468a-a50b-17ba794692a5","ONESTOP40","C_LBXPRWWN","2023-03-26T00:00:00.000Z","","40% off - POS Coop and Onestop","Limited time offer - save up to 60% off"
"11c1b648-1e77-4997-9e06-fa61f69b655d","NLGYX3E7D","C_LFTTU3SX","2023-04-25T23:00:00.000Z","","25% off","Get 25% off"
"94bbb2e1-dd9b-4d5a-8969-f8d473b960a5","WAITROSE_WEEKENDHD","C_M20BBSME","2024-10-07T23:00:00.000Z","","50% discount for 3 months for MyWaitrose customers","A special offer for customers who have a MyWaitrose card!"
"21013c3b-ce09-4724-a6d3-fc7746e2aa80","00202365","C_J0XGWR30","2017-06-05T23:00:00.000Z","","Case 00202365 - Renewal on to AUD$168.30","Discount off standard Guardian Weekly 2017 rate"
"18a59bce-9361-4cc6-8609-e89861e0eaeb","LABOUR25","C_L2ITHSNV","2022-09-14T23:00:00.000Z","","GW 25% off Annual - Labour Conference","Labour Party Conference Offer - 25% off annual subscription"
"ffba7cc2-7ef3-43c7-add2-40ddf3a6d73e","GW-WAO","C_LD1VOFLT","2023-01-18T00:00:00.000Z","","GW West AU Opera","50% off for 3 months"
"b12fa5f5-115c-40ed-96f4-76bcf6e38014","3TIER_WEEKLY_UK_MONTHLY","C_LS3GS2M7","2024-02-01T00:00:00.000Z","","Three Tier Weekly UK Monthly","Three Tier Weekly UK Monthly"
"50cdce33-adee-4f62-95ce-5cede95b912f","DJDUGLLWL","C_J5WJWUQZ","2017-08-02T23:00:00.000Z","","O_test","olivia test"
"4e317c73-a908-44c4-aca1-ee774bd6addf","3TIER_WEEKLY_NZ_MONTHLY_V2","C_LXLY0U85","2024-06-18T23:00:00.000Z","","Three Tier Weekly NZ Monthly V2","Three Tier Weekly NZ Monthly"
"ba896717-0c40-486f-a592-9649c3b79dd0","WK5GR34H1","C_K5FK3J8F","2020-02-06T00:00:00.000Z","","g","g"
"380b7bcb-394a-46a2-8225-59c38e1c84f7","3TIER_WEEKLY_EU_ANNUAL","C_LS3GS2M7","2024-02-01T00:00:00.000Z","","Three Tier Weekly EU Annual","Three Tier Weekly EU Annual"
"c318bcbb-bc1d-43b8-905d-b19f883f3e05","GW20GIFT1Y","C_K3781355","2019-11-20T00:00:00.000Z","","Guardian Weekly Gifting - Annual 20% discount","Save an additional 20% off annual plans"
"fe2ade37-e1cb-41c2-bc9a-2344c73665f4","WAITROSE_SATSUN","C_M20BBSME","2024-10-07T23:00:00.000Z","","50% discount for 3 months for MyWaitrose customers","A special offer for customers who have a MyWaitrose card!"
"12277161-bca7-451a-a0a4-6c58a5053527","GWNEWSLETTER","C_LD1VOFLT","2023-01-18T00:00:00.000Z","","GW Newsletter Campaign","50% off for 3 months"
"44345e67-364d-4dd2-9840-c289671a9647","3TIER_SUPPORTERPLUS_AU_MONTHLY_V2","C_LXM0ILZR","2024-06-18T23:00:00.000Z","","Three Tier Supporter Plus AU Monthly V2","Three Tier Supporter Plus AU Monthly"
"c70c2ed9-3488-48c7-a8ce-7fc91ac73ab4","3TIER_SUPPORTERPLUS_CA_MONTHLY","C_LS1WU4LW","2024-02-01T00:00:00.000Z","","Supporter Plus CA Monthly","Supporter Plus CA Monthly"
"a34424b4-bf6a-4e12-9cdc-3d5a95439bad","PIPER25","C_K8ODCFK5","2020-04-05T23:00:00.000Z","","Piper's News promotion - 25% off for a year","Get 25% off for 12 months"
"f4d64768-76b8-43c3-bcd0-9e9b199a44b9","GWQANTAS","C_L2ITHSNV","2022-08-01T23:00:00.000Z","","Save 50% off Annual","Save 50% off Annual"
"51eaa585-6f5c-493d-9ba7-146e02fc59fe","DIGIPATRON","C_JGDUVAWZ","2018-12-24T00:00:00.000Z","","Patrons 100% off for 100 years","Free Digital pack for Patrons"
"19dfd045-dfad-44f8-83c1-de3f2bcaee99","GW10GIFTRN","C_K3781355","2020-02-19T00:00:00.000Z","","GW Gifting Renewal 10% Discount","Save an extra 10% on a gift subscription"
"746eb0f4-ebc4-4f11-8d16-7a5f21c4cddd","3TIER_WEEKLY_AU_ANNUAL_V2","C_LXLY0U85","2024-06-18T23:00:00.000Z","","Three Tier Weekly AU Annual V2","Three Tier Weekly AU Annual"
"21e6a2b0-f4dd-4356-9f9b-259a0bbc93f0","CEXV503","CEXVMI","2017-04-30T23:00:00.000Z","","CEx Voucher and Home Delivery - 50% 3 months","Subscribe and save today. Plus, get an extra 50% off for the first 3 months"
"48ea55a2-f530-496c-83a7-0fff20978636","20ANNUAL","C_L2ITHSNV","2022-08-21T23:00:00.000Z","","GW 20% off annual","20% off a year"
"e23e42aa-2d17-4a1b-bf05-2c32046dbdb1","3TIER_WEEKLY_AU_ANNUAL","C_LS3GS2M7","2024-02-01T00:00:00.000Z","","Three Tier Weekly AU Annual","Three Tier Weekly AU Annual"
"36ff83c8-cd92-467e-8d14-eebccad45a34","CEXVMF","CEXVMI","2017-02-02T00:00:00.000Z","","CEx Voucher and Home Delivery Migration - 100% Continuous discount","Free subscription"
"48d86944-2a58-498e-8f32-202a1af89b8d","MIT5TPARW","C_IT5TNSNC","2016-09-15T23:00:00.000Z","","One time Supporter discount for user debuggers","Thank you for helping us with debugging."
"e77ced61-e360-4578-ab33-8a307697709a","DPB25","DIGIPACK_CONTINUAL_DISCOUNTS","2016-03-01T00:00:00.000Z","","More of the Guardian, for less","For a limited time you can enjoy the digital pack for a special discounted price. Get every issue of The Guardian and The Observer newspapers delivered to your tablet, plus an ad-free experience on The Guardian live news app."
"e77ced61-e360-4578-ab33-8a307697709a","DPB26","DIGIPACK_CONTINUAL_DISCOUNTS","2016-03-01T00:00:00.000Z","","More of the Guardian, for less","For a limited time you can enjoy the digital pack for a special discounted price. Get every issue of The Guardian and The Observer newspapers delivered to your tablet, plus an ad-free experience on The Guardian live news app."
"e77ced61-e360-4578-ab33-8a307697709a","DPB15","DIGIPACK_CONTINUAL_DISCOUNTS","2016-03-01T00:00:00.000Z","","More of the Guardian, for less","For a limited time you can enjoy the digital pack for a special discounted price. Get every issue of The Guardian and The Observer newspapers delivered to your tablet, plus an ad-free experience on The Guardian live news app."
"e77ced61-e360-4578-ab33-8a307697709a","DPB18","DIGIPACK_CONTINUAL_DISCOUNTS","2016-03-01T00:00:00.000Z","","More of the Guardian, for less","For a limited time you can enjoy the digital pack for a special discounted price. Get every issue of The Guardian and The Observer newspapers delivered to your tablet, plus an ad-free experience on The Guardian live news app."
"e77ced61-e360-4578-ab33-8a307697709a","DPB20","DIGIPACK_CONTINUAL_DISCOUNTS","2016-03-01T00:00:00.000Z","","More of the Guardian, for less","For a limited time you can enjoy the digital pack for a special discounted price. Get every issue of The Guardian and The Observer newspapers delivered to your tablet, plus an ad-free experience on The Guardian live news app."
"e77ced61-e360-4578-ab33-8a307697709a","DPB23","DIGIPACK_CONTINUAL_DISCOUNTS","2016-03-01T00:00:00.000Z","","More of the Guardian, for less","For a limited time you can enjoy the digital pack for a special discounted price. Get every issue of The Guardian and The Observer newspapers delivered to your tablet, plus an ad-free experience on The Guardian live news app."
"e77ced61-e360-4578-ab33-8a307697709a","DPB19","DIGIPACK_CONTINUAL_DISCOUNTS","2016-03-01T00:00:00.000Z","","More of the Guardian, for less","For a limited time you can enjoy the digital pack for a special discounted price. Get every issue of The Guardian and The Observer newspapers delivered to your tablet, plus an ad-free experience on The Guardian live news app."
"e77ced61-e360-4578-ab33-8a307697709a","DPB21","DIGIPACK_CONTINUAL_DISCOUNTS","2016-03-01T00:00:00.000Z","","More of the Guardian, for less","For a limited time you can enjoy the digital pack for a special discounted price. Get every issue of The Guardian and The Observer newspapers delivered to your tablet, plus an ad-free experience on The Guardian live news app."
"e77ced61-e360-4578-ab33-8a307697709a","DPB13","DIGIPACK_CONTINUAL_DISCOUNTS","2016-03-01T00:00:00.000Z","","More of the Guardian, for less","For a limited time you can enjoy the digital pack for a special discounted price. Get every issue of The Guardian and The Observer newspapers delivered to your tablet, plus an ad-free experience on The Guardian live news app."
"e77ced61-e360-4578-ab33-8a307697709a","DPB17","DIGIPACK_CONTINUAL_DISCOUNTS","2016-03-01T00:00:00.000Z","","More of the Guardian, for less","For a limited time you can enjoy the digital pack for a special discounted price. Get every issue of The Guardian and The Observer newspapers delivered to your tablet, plus an ad-free experience on The Guardian live news app."
"e77ced61-e360-4578-ab33-8a307697709a","DPB16","DIGIPACK_CONTINUAL_DISCOUNTS","2016-03-01T00:00:00.000Z","","More of the Guardian, for less","For a limited time you can enjoy the digital pack for a special discounted price. Get every issue of The Guardian and The Observer newspapers delivered to your tablet, plus an ad-free experience on The Guardian live news app."
"e77ced61-e360-4578-ab33-8a307697709a","DPB22","DIGIPACK_CONTINUAL_DISCOUNTS","2016-03-01T00:00:00.000Z","","More of the Guardian, for less","For a limited time you can enjoy the digital pack for a special discounted price. Get every issue of The Guardian and The Observer newspapers delivered to your tablet, plus an ad-free experience on The Guardian live news app."
"e77ced61-e360-4578-ab33-8a307697709a","DPB14","DIGIPACK_CONTINUAL_DISCOUNTS","2016-03-01T00:00:00.000Z","","More of the Guardian, for less","For a limited time you can enjoy the digital pack for a special discounted price. Get every issue of The Guardian and The Observer newspapers delivered to your tablet, plus an ad-free experience on The Guardian live news app."
"e77ced61-e360-4578-ab33-8a307697709a","DPB24","DIGIPACK_CONTINUAL_DISCOUNTS","2016-03-01T00:00:00.000Z","","More of the Guardian, for less","For a limited time you can enjoy the digital pack for a special discounted price. Get every issue of The Guardian and The Observer newspapers delivered to your tablet, plus an ad-free experience on The Guardian live news app."
"e77ced61-e360-4578-ab33-8a307697709a","DPA24","DIGIPACK_CONTINUAL_DISCOUNTS","2016-03-01T00:00:00.000Z","","More of the Guardian, for less","For a limited time you can enjoy the digital pack for a special discounted price. Get every issue of The Guardian and The Observer newspapers delivered to your tablet, plus an ad-free experience on The Guardian live news app."
"e77ced61-e360-4578-ab33-8a307697709a","DPA25","DIGIPACK_CONTINUAL_DISCOUNTS","2016-03-01T00:00:00.000Z","","More of the Guardian, for less","For a limited time you can enjoy the digital pack for a special discounted price. Get every issue of The Guardian and The Observer newspapers delivered to your tablet, plus an ad-free experience on The Guardian live news app."
"e77ced61-e360-4578-ab33-8a307697709a","DPA23","DIGIPACK_CONTINUAL_DISCOUNTS","2016-03-01T00:00:00.000Z","","More of the Guardian, for less","For a limited time you can enjoy the digital pack for a special discounted price. Get every issue of The Guardian and The Observer newspapers delivered to your tablet, plus an ad-free experience on The Guardian live news app."
"e77ced61-e360-4578-ab33-8a307697709a","DPA13","DIGIPACK_CONTINUAL_DISCOUNTS","2016-03-01T00:00:00.000Z","","More of the Guardian, for less","For a limited time you can enjoy the digital pack for a special discounted price. Get every issue of The Guardian and The Observer newspapers delivered to your tablet, plus an ad-free experience on The Guardian live news app."
"e77ced61-e360-4578-ab33-8a307697709a","DPA26","DIGIPACK_CONTINUAL_DISCOUNTS","2016-03-01T00:00:00.000Z","","More of the Guardian, for less","For a limited time you can enjoy the digital pack for a special discounted price. Get every issue of The Guardian and The Observer newspapers delivered to your tablet, plus an ad-free experience on The Guardian live news app."
"e77ced61-e360-4578-ab33-8a307697709a","DPA15","DIGIPACK_CONTINUAL_DISCOUNTS","2016-03-01T00:00:00.000Z","","More of the Guardian, for less","For a limited time you can enjoy the digital pack for a special discounted price. Get every issue of The Guardian and The Observer newspapers delivered to your tablet, plus an ad-free experience on The Guardian live news app."
"e77ced61-e360-4578-ab33-8a307697709a","DPA18","DIGIPACK_CONTINUAL_DISCOUNTS","2016-03-01T00:00:00.000Z","","More of the Guardian, for less","For a limited time you can enjoy the digital pack for a special discounted price. Get every issue of The Guardian and The Observer newspapers delivered to your tablet, plus an ad-free experience on The Guardian live news app."
"e77ced61-e360-4578-ab33-8a307697709a","DPA14","DIGIPACK_CONTINUAL_DISCOUNTS","2016-03-01T00:00:00.000Z","","More of the Guardian, for less","For a limited time you can enjoy the digital pack for a special discounted price. Get every issue of The Guardian and The Observer newspapers delivered to your tablet, plus an ad-free experience on The Guardian live news app."
"e77ced61-e360-4578-ab33-8a307697709a","DPA20","DIGIPACK_CONTINUAL_DISCOUNTS","2016-03-01T00:00:00.000Z","","More of the Guardian, for less","For a limited time you can enjoy the digital pack for a special discounted price. Get every issue of The Guardian and The Observer newspapers delivered to your tablet, plus an ad-free experience on The Guardian live news app."
"e77ced61-e360-4578-ab33-8a307697709a","DPA21","DIGIPACK_CONTINUAL_DISCOUNTS","2016-03-01T00:00:00.000Z","","More of the Guardian, for less","For a limited time you can enjoy the digital pack for a special discounted price. Get every issue of The Guardian and The Observer newspapers delivered to your tablet, plus an ad-free experience on The Guardian live news app."
"e77ced61-e360-4578-ab33-8a307697709a","DPA19","DIGIPACK_CONTINUAL_DISCOUNTS","2016-03-01T00:00:00.000Z","","More of the Guardian, for less","For a limited time you can enjoy the digital pack for a special discounted price. Get every issue of The Guardian and The Observer newspapers delivered to your tablet, plus an ad-free experience on The Guardian live news app."
"e77ced61-e360-4578-ab33-8a307697709a","DPA17","DIGIPACK_CONTINUAL_DISCOUNTS","2016-03-01T00:00:00.000Z","","More of the Guardian, for less","For a limited time you can enjoy the digital pack for a special discounted price. Get every issue of The Guardian and The Observer newspapers delivered to your tablet, plus an ad-free experience on The Guardian live news app."
"e77ced61-e360-4578-ab33-8a307697709a","DPA16","DIGIPACK_CONTINUAL_DISCOUNTS","2016-03-01T00:00:00.000Z","","More of the Guardian, for less","For a limited time you can enjoy the digital pack for a special discounted price. Get every issue of The Guardian and The Observer newspapers delivered to your tablet, plus an ad-free experience on The Guardian live news app."
"e77ced61-e360-4578-ab33-8a307697709a","DPA22","DIGIPACK_CONTINUAL_DISCOUNTS","2016-03-01T00:00:00.000Z","","More of the Guardian, for less","For a limited time you can enjoy the digital pack for a special discounted price. Get every issue of The Guardian and The Observer newspapers delivered to your tablet, plus an ad-free experience on The Guardian live news app."
"5ce1ef97-4add-4133-a78c-1e71bac44b44","NJYY68TT6","C_JYY648XJ","2019-08-04T23:00:00.000Z","","Saturday only campaign August 2019","Get an additional saving of 10% on top of the savings Saturday subscribers already enjoy."
"5ce1ef97-4add-4133-a78c-1e71bac44b44","GEA41F","C_JYY648XJ","2019-08-04T23:00:00.000Z","","Saturday only campaign August 2019","Get an additional saving of 10% on top of the savings Saturday subscribers already enjoy."
"5ce1ef97-4add-4133-a78c-1e71bac44b44","DEA11F","C_JYY648XJ","2019-08-04T23:00:00.000Z","","Saturday only campaign August 2019","Get an additional saving of 10% on top of the savings Saturday subscribers already enjoy."
"eddf559d-86c3-41eb-9c1e-595a77429710","GXX99S","GXX99S","2016-12-05T00:00:00.000Z","","Staff ongoing 20% discount","Save 20% on your staff subscription"
"894c9d08-2495-436c-bfe4-43afd3f65bb6","3TIER_WEEKLY_INT_MONTHLY","C_LS3GS2M7","2024-02-01T00:00:00.000Z","","Three Tier Weekly INT Monthly","Three Tier Weekly INT Monthly"
"6d14ed74-11da-4c51-a366-b5937a7b365f","3TIER_WEEKLY_INT_MONTHLY_V2","C_LXLY0U85","2024-06-18T23:00:00.000Z","","Three Tier Weekly INT Monthly V2","Three Tier Weekly INT Monthly"
"8bdb31b0-91db-46ec-a935-8e3bd804ae55","3TIER_SUPPORTERPLUS_INT_ANNUAL","C_LS1WU4LW","2024-02-01T00:00:00.000Z","","Supporter Plus INT Annual","Supporter Plus INT Annual"
"88d071ae-f299-4fff-b12e-51c93e258a0d","PRINT_CULTURE_SATHD","C_L6KVUF94","2025-11-19T00:00:00.000Z","2025-12-24T23:59:59.000Z","Culture Event - Saturday HD","Guardian and Observer newspaper subscriptions to suit every reader"
"200671ca-4fac-48c3-b0e7-c1bb6b8fb519","TEST6MONTHS","C_LEFU8G0I","2023-03-26T23:00:00.000Z","","GW 2023/24 Q1 Easter Campaign Monthly","50% off for 6 months"
"0a15fe93-2101-440a-8dd4-3ec35dd8d3eb","GWBULK10","C_JPCM31OG","2018-12-06T00:00:00.000Z","","Bulk Orders 10% off annual forever","10% off your annual subscriptions when buying in bulk"
"b30adca7-6e55-48eb-8a30-6401f918ff9c","PRINT_CULTURE_SAT","C_L6KVUF94","2025-11-19T00:00:00.000Z","2025-12-24T23:59:59.000Z","Culture Event - Saturday","Guardian and Observer newspaper subscriptions to suit every reader"
"5fb9718a-8396-48f3-987b-61aafd5546d8","DK0NOEKRV","C_K0NOD1E2","2019-09-16T23:00:00.000Z","","50% off 3 months","50% off 3 months"
"2ff9f934-0afa-4690-bd7d-7168bf2993de","3TIER_WEEKLY_UK_ANNUAL_V2","C_LXLY0U85","2024-06-18T23:00:00.000Z","","Three Tier Weekly UK Annual V2","Three Tier Weekly UK Annual"
"29966696-ab48-4476-9911-4d038d030ff5","3TIER_SUPPORTERPLUS_CA_ANNUAL_V2","C_LXM0ILZR","2024-06-18T23:00:00.000Z","","Three Tier Supporter Plus CA Annual V2","Three Tier Supporter Plus CA Annual"
"eefcefc3-ac70-43ce-a5c9-293e7f5d5fc3","3TIER_WEEKLY_AU_MONTHLY_V2","C_LXLY0U85","2024-06-18T23:00:00.000Z","","Three Tier Weekly AU Monthly V2","Three Tier Weekly AU Monthly"
"f11f9e0e-a9f0-4ddb-ba46-97e90517c86d","ANNUAL-INTRO-CA","C_K8FQAB0L","2020-03-30T23:00:00.000Z","","Introductory Promotion CA","Save over 20% against monthly in the first year"
"a355cca2-aa4b-4664-8e86-d585b316d59b","COMP20250528","C_LV3LZS6L","2025-05-27T23:00:00.000Z","2025-12-28T23:59:59.000Z","1 year free all-access digital for competition winner 2025","One year's free access for the winner of theguardian.org competition 2025"
"33ce2dd4-ea97-4f75-8719-0dcd7ae8989e","A101E","C_IVXW4380","2016-12-19T00:00:00.000Z","","(-70 days) 4 free issues when you switch to quarterly payments","4 free issues when you switch to regular quarterly payments"
"33ce2dd4-ea97-4f75-8719-0dcd7ae8989e","A201L","C_IVXW4380","2016-12-19T00:00:00.000Z","","(-70 days) 4 free issues when you switch to quarterly payments","4 free issues when you switch to regular quarterly payments"
"33ce2dd4-ea97-4f75-8719-0dcd7ae8989e","A501L","C_IVXW4380","2016-12-19T00:00:00.000Z","","(-70 days) 4 free issues when you switch to quarterly payments","4 free issues when you switch to regular quarterly payments"
"33ce2dd4-ea97-4f75-8719-0dcd7ae8989e","A301E","C_IVXW4380","2016-12-19T00:00:00.000Z","","(-70 days) 4 free issues when you switch to quarterly payments","4 free issues when you switch to regular quarterly payments"
"33ce2dd4-ea97-4f75-8719-0dcd7ae8989e","A601L","C_IVXW4380","2016-12-19T00:00:00.000Z","","(-70 days) 4 free issues when you switch to quarterly payments","4 free issues when you switch to regular quarterly payments"
"33ce2dd4-ea97-4f75-8719-0dcd7ae8989e","A401E","C_IVXW4380","2016-12-19T00:00:00.000Z","","(-70 days) 4 free issues when you switch to quarterly payments","4 free issues when you switch to regular quarterly payments"
"c6d0341f-43dd-4f1f-ab7b-15b26a79b0ee","FBIG50OFF","C_L2ITHSNV","2022-04-27T23:00:00.000Z","","GW 50% off for 1 month - Paid Social Trial","Subscribe and get half price off your first month"
"8b88a30d-5078-4473-a2ac-9ee9a7210ae2","TPUKGW0919","C_JZCPB2TY","2019-09-19T23:00:00.000Z","","Telemarketing test - UK LC with TelePerformance","Get 25% off a subscription to Guardian Weekly for 12 months"
"0aff2c2a-28d8-4363-b024-3cd785a2b041","3TIER_SUPPORTERPLUS_UK_ANNUAL","C_LS1WU4LW","2024-02-01T00:00:00.000Z","","Supporter Plus UK Annual","Supporter Plus UK Annual"
"bec49d55-1c1f-4409-83d3-f1d71e6d7676","ANNUAL-INTRO-GLOBAL","C_K8FQAB0L","2022-06-19T23:00:00.000Z","","Introductory Promotion Global","Save over 20% against monthly in the first year"
"bab73cf0-b1a1-401c-bbe8-5be461d17666","PUZZLESWEEKEND","C_L6KVUF94","2025-06-11T23:00:00.000Z","","Newspaper Puzzles Supplement Discount Weekend","Puzzles Supplement Discount"
"9db4aea7-c021-4cfd-a112-b290d3c912ab","GW5019AUS","C_K3ZRUM7T","2019-12-10T00:00:00.000Z","","50% off when you subscribe","Save up to 50% when you subscribe"
"0219bc4c-1729-42b0-94c3-c5cef4753036","ANNUAL-INTRO-UK","C_K8FQAB0L","2020-03-30T23:00:00.000Z","","Introductory Promotion UK","Save over 20% against monthly in the first year"
"add79db6-1977-4b69-9d74-671757daad05","WHSBOOKCLUB_SIXDAY","C_MG55YDEY","2025-09-28T23:00:00.000Z","2025-12-31T23:59:59.000Z","WHS Smith Book Club Travel Offer - Six day","WHS Smith Book Club Travel Offer"
"0a6ec6fe-3725-400f-8204-957bfbe5f496","MBGFEUROG","C_M3HJ4ZCD","2025-05-30T23:00:00.000Z","","Test","Test"
"e3476ddd-a0ad-4983-ac66-bc99f3c3d831","WJ0TCN9ZD","C_J0TCM1Y3","2017-03-27T23:00:00.000Z","","10% discount","This promotion is a test and will not be honoured"
"86744af7-fa41-4060-a54d-cdcfe6830bb9","3TIER_SUPPORTERPLUS_US_MONTHLY","C_LS1WU4LW","2024-02-01T00:00:00.000Z","","Supporter Plus US Monthly","Supporter Plus US Monthly"
"05fd826d-3775-4663-977f-872cc82b907f","DXX99U","DXX99U","2016-09-11T23:00:00.000Z","","80% discount for students","Free trial + 80% off the subscription price for 3 months"
"3ec99667-1985-44ff-96ec-8e160e80e586","GWPATRON","C_L2RGJA7I","2022-05-03T23:00:00.000Z","","Masthead Patrons - 100% off GW for 100 years","Free Guardian Weekly for Masthead Patrons"
"e8da8c4d-ed17-406d-bf4a-61294774465f","WKG9KD3IH","C_KG9K6S1R","2020-10-13T23:00:00.000Z","","£20 for three months","£20 for 13 issues"
"ede85255-2cb1-4fd3-83f1-2d644651d8f9","WINTER50OFF3","C_LBXPRWWN","2022-12-21T00:00:00.000Z","","50% off for 3 months","Get 50% off the everyday package for 3 months"
"7546cb64-43b8-4764-8b1f-10be0fb64e55","WHSBOOKCLUB_EVERYDAYHD","C_MG55YDEY","2025-09-28T23:00:00.000Z","2025-12-31T23:59:59.000Z","WHS Smith Book Club Travel Offer - Every day HD","WHS Smith Book Club Travel Offer"
"ec5c130b-b816-4b8c-bb78-24a5a62adf95","3TIER_SUPPORTERPLUS_NZ_ANNUAL","C_LS1WU4LW","2024-02-01T00:00:00.000Z","","Supporter Plus NZ Annual","Supporter Plus NZ Annual"
"ee8c7fa4-61bf-4201-b41d-4c159b5de14b","WAITROSE_EVERYDAY","C_M20BBSME","2024-10-07T23:00:00.000Z","","50% discount for 3 months for MyWaitrose customers","A special offer for customers who have a MyWaitrose card!"
"1fc88b60-8be2-42d6-9099-71b939c8ce8e","PUZZLESSAT","C_L6KVUF94","2025-06-11T23:00:00.000Z","","Newspaper Puzzles Supplement Discount Saturday","Puzzles Supplement Discount"
"d8031dba-a6eb-493b-b27b-813b868ccb16","OBSEXP20250725SC","C_MD6539P4","2025-07-15T23:00:00.000Z","2026-01-31T23:59:59.000Z","Observer Supporter Offer - Subs Card","50% off for 12 months"
"752633e7-b367-454d-813a-0fde8a911aa0","STAFFGW25","C_JMUK329E","2019-10-13T23:00:00.000Z","","Subscribe to the Guardian Weekly: Staff save 25% for a year","Subscribe to the Guardian Weekly: Staff save 25% for a year"
"ed1e64d7-5b46-41df-bdc0-a5791710af7b","VIPFEAST","C_LYD2J0WQ","2024-07-07T23:00:00.000Z","","Supporter+ & Feast VIP Access","Free access to S+ and Feast for VIPs"
"4c4d594f-5e24-4036-a552-fe9a4b0f4eec","PUZZLESSATHD","C_L6KVUF94","2025-06-11T23:00:00.000Z","","Newspaper Puzzles Supplement Discount Saturday HD [Lead]","Puzzles Supplement Discount"
"c380cab2-179f-4a1a-8bb7-df04ff86ca67","3TIER_SUPPORTERPLUS_INT_MONTHLY_V2","C_LXM0ILZR","2024-06-18T23:00:00.000Z","","Three Tier Supporter Plus INT Monthly V2","Three Tier Supporter Plus INT Monthly"
"a5c7de09-0ff2-4e84-b43c-33ac81ffad19","3TIER_WEEKLY_INT_ANNUAL","C_LS3GS2M7","2024-02-01T00:00:00.000Z","","Three Tier Weekly INT Annual","Three Tier Weekly INT Annual"
"58358d43-a2cf-4c55-8fca-3b74bec97ff9","3TIER_SUPPORTERPLUS_NZ_MONTHLY","C_LS1WU4LW","2024-02-01T00:00:00.000Z","","Supporter Plus NZ Monthly","Supporter Plus NZ Monthly"
"7cfd3be1-02ea-4db4-8e5c-2109a38d3589","GWSTAFF30","C_JMUK329E","2019-10-13T23:00:00.000Z","","Subscribe to the Guardian Weekly: Staff save 30% for a year","Exclusive staff discount - save 30% for a year"
"808bc295-d827-4c62-9c56-d109ba1059c5","3TIER_SUPPORTERPLUS_EU_ANNUAL","C_LS1WU4LW","2024-02-01T00:00:00.000Z","","Supporter Plus EU Annual","Supporter Plus EU Annual"
"429f0c12-12d0-4dd0-9942-a2f4a3c27b25","NKI8O3VE7","C_J50RZIAJ","2020-12-03T00:00:00.000Z","","Save 10% for a Year","Save 10% for a Year"
"4e2a54b9-7cbf-4df1-bead-fc885f283273","3TIER_WEEKLY_EU_MONTHLY","C_LS3GS2M7","2024-02-01T00:00:00.000Z","","Three Tier Weekly EU Monthly","Three Tier Weekly EU Monthly"
"c8c9beac-0944-4bb3-876a-c79745538b36","3TIER_WEEKLY_NZ_MONTHLY","C_LS3GS2M7","2024-02-01T00:00:00.000Z","","Three Tier Weekly NZ Monthly","Three Tier Weekly NZ Monthly"
"1d9f1d6c-3ecf-49be-a5d8-9db4f5c3ddb8","PUZZLESSIXDAYHD","C_L6KVUF94","2025-06-11T23:00:00.000Z","","Newspaper Puzzles Supplement Discount Sixday HD","Puzzles Supplement Discount"
"2bde835c-219d-477b-8c77-99d75d29d565","WL486CGJ4","C_L2ITHSNV","2022-06-08T23:00:00.000Z","","GW Quarterly Test","Test"
"77b9b3bf-2edd-4787-b229-e142e8c35c1d","OBSERVERPROMO100","C_KVGNG6Z6","2021-11-01T00:00:00.000Z","","Observer Paper Free Subscription","Free Observer subscription"
"172b6a8b-9a24-463d-9577-dbf6c2917d24","20telegsubs","C_M24I0TWX","2024-10-10T23:00:00.000Z","","Telegraph Promo","Free forever"
"4ce5a405-2f0a-447f-a86e-185989a24d38","3TIER_WEEKLY_US_MONTHLY_V2","C_LXLY0U85","2024-06-18T23:00:00.000Z","","Three Tier Weekly US Monthly V2","Three Tier Weekly US Monthly"
"4f6aec4b-dafb-4e29-afe1-055cd08e0092","APP30OFFANNUAL","C_M3HJ4ZCD","2025-08-27T23:00:00.000Z","","App meter discount – 30% off annual","30% off an All-access digital subscription for the first year"